main_star_n,digits,num_satellites,min_gap,max_gap,mean_gap
52936366478,494,5,1122,2988,2216.4
53309481335,495,2,3720,3780,3750.0
53309481336,495,3,20,350,176.0
53309481337,495,5,660,4508,1920.8
53309481338,495,2,1446,4958,3202.0
53632917015,495,4,572,3500,2288.0
53632917016,495,5,494,4874,2533.6
53632917017,495,9,26,4098,2214.4
53632917018,495,3,320,2136,1252.7
53967604267,495,6,1178,4338,2536.0
53967604268,495,4,98,1760,689.0
53967604269,495,4,3360,4538,3879.0
53967604270,495,4,530,4988,2220.5
54546717954,495,2,2540,3110,2825.0
54546717955,495,9,440,4850,3194.4
54546717956,495,6,1238,3770,2544.0
54546717957,495,5,1976,4224,3330.8
54655842235,495,7,600,4650,2697.4
54655842236,495,6,840,4538,2509.0
54655842237,495,6,1074,3390,2309.0
54655842238,495,8,192,4938,2317.5
54878514797,495,6,1620,4644,2931.0
54878514798,495,4,26,4530,2429.5
54878514799,495,6,564,2600,1639.0
54878514800,495,1,1268,1268,1268.0
55109556141,495,4,14,3632,1816.0
55109556142,495,2,1088,1230,1159.0
55109556143,495,2,192,1098,645.0
55109556144,495,4,396,3750,1792.0
55204294829,495,1,1650,1650,1650.0
55204294830,495,4,1580,4032,2630.0
55204294831,495,5,230,4262,1926.4
55204294832,495,6,1316,4346,2979.7
55634252193,495,6,102,3882,1835.0
55634252194,495,5,380,4268,2245.6
55634252196,495,5,308,3740,2452.8
55731389090,495,6,1628,4604,3304.3
55731389091,495,3,728,3720,2092.7
55731389092,495,1,1026,1026,1026.0
55731389093,495,3,188,4242,2886.7
55858815928,496,7,1590,3596,2651.1
55858815929,496,9,114,4394,1950.2
55858815930,496,4,30,3608,2411.5
55858815931,496,5,1502,3414,2728.4
56592199933,496,7,210,4556,2185.1
56592199934,496,9,756,4710,3092.2
56592199935,496,6,258,3780,1687.3
56592199936,496,3,2378,4632,3593.3
56665935108,496,7,2960,4998,4233.7
56665935109,496,8,104,4848,2524.0
56665935110,496,8,1244,4622,3241.5
56665935111,496,4,258,4040,2607.0
56868770875,496,7,1032,3684,2177.7
56868770876,496,2,1040,1790,1415.0
56868770877,496,3,278,3320,2015.3
56868770878,496,7,866,4170,2245.4
57155294000,496,9,404,4128,2258.0
57155294001,496,1,4730,4730,4730.0
57155294002,496,3,296,4964,2939.3
57155294003,496,3,356,650,535.3
57224113601,496,6,230,4500,2517.7
57224113602,496,4,906,4808,3307.0
57224113603,496,4,272,4032,2212.0
57224113604,496,5,710,3384,2099.6
57280387847,496,9,266,4926,2869.3
57280387848,496,5,110,4478,2661.2
57280387849,496,3,1436,4274,2710.0
57280387850,496,5,644,4580,1826.8
57348100021,496,6,158,4452,2727.3
57348100022,496,5,210,4338,2531.2
57348100023,496,4,182,3038,1215.0
57348100024,496,7,144,4010,2018.9
57826330641,496,5,1650,4052,2891.2
57826330642,496,6,416,3894,2520.0
57826330643,496,4,2652,4446,3449.0
57826330644,496,5,464,4380,2643.2
57926590477,496,3,2730,4934,4039.3
57926590478,496,4,1038,3402,2281.5
57926590479,496,4,816,3560,1583.5
57926590480,496,7,234,4022,1865.7
58268509646,496,2,1508,1734,1621.0
58268509647,496,5,564,4128,2086.8
58268509648,496,4,228,4850,3362.5
58268509649,496,5,138,3810,2248.4
58796681858,497,2,672,1232,952.0
58796681859,497,3,830,4500,2646.7
58796681860,497,3,2202,4134,3044.7
58796681861,497,10,1080,4932,3572.4
59989205731,497,4,2232,4730,3419.0
59989205732,497,4,446,4868,2382.0
59989205733,497,5,326,3990,2632.8
59989205734,497,3,1454,2340,1961.3
60491176786,497,5,1322,2544,1766.8
60491176787,497,4,278,4236,2612.5
60491176788,497,5,336,3188,1774.0
60491176789,497,7,366,4580,2231.4
60502965982,497,2,764,2474,1619.0
60502965983,497,8,360,4410,2512.2
60502965984,497,1,1496,1496,1496.0
60502965985,497,2,2484,3954,3219.0
60765988778,497,8,68,4508,1988.2
60765988779,497,5,450,3836,2237.2
60765988780,497,3,1694,4524,2819.3
60765988781,497,6,240,4778,2059.3
60773199040,497,6,884,4472,2739.3
60773199041,497,3,1128,3164,1824.7
60773199042,497,4,1536,4820,3276.0
60773199043,497,5,762,4328,2351.6
60876885161,497,3,1554,4818,3450.7
60876885163,497,5,156,3930,1594.8
60876885164,497,4,740,4950,2486.0
61355576466,497,5,14,4964,3091.6
61355576467,497,5,3950,4658,4281.6
61355576468,497,7,698,4622,2716.6
61355576469,497,2,2846,3710,3278.0
62065331901,498,3,2798,4890,3562.7
62065331902,498,6,576,3638,2222.0
62065331903,498,9,216,4770,2562.2
62065331904,498,4,1530,3816,2492.5
62769188085,498,8,728,4520,2241.2
62769188086,498,5,774,4878,2308.4
62769188087,498,6,324,3960,1777.0
62769188088,498,4,1122,3140,1739.5
62975874937,498,3,936,2946,2016.7
62975874938,498,8,1010,4538,3500.8
62975874939,498,3,174,4434,2894.0
62975874940,498,1,590,590,590.0
63150957868,498,1,2118,2118,2118.0
63150957869,498,6,210,4746,2232.3
63150957870,498,5,440,4094,2275.2
63150957871,498,4,614,3698,1806.5
63290715485,498,2,1784,2520,2152.0
63290715486,498,9,822,4988,2921.6
63290715487,498,5,1080,4526,3249.2
63290715488,498,4,908,4800,2479.5
63600609254,498,6,1230,4338,2743.3
63600609255,498,2,2478,4248,3363.0
63600609256,498,5,860,4928,2632.4
63600609257,498,5,996,1820,1376.4
64316222569,498,2,2004,3096,2550.0
64316222570,498,9,1368,4874,3275.3
64316222571,498,5,810,4974,3261.2
64316222572,498,4,900,2496,1716.5
64482563907,498,3,1590,3806,2610.7
64482563908,498,10,560,4448,2345.2
64482563909,498,8,516,4686,1841.0
64482563910,498,2,2330,2330,2330.0
64482563911,498,2,962,2334,1648.0
64722592379,498,2,3366,3830,3598.0
64722592380,498,2,3804,4388,4096.0
64722592381,498,4,1884,4722,3141.0
64722592382,498,5,254,4898,3164.0
65020173993,499,4,2300,3020,2771.0
65020173994,499,4,2730,4674,3819.0
65020173995,499,7,338,4808,1939.7
65020173996,499,7,1290,4848,2638.6
65576910525,499,3,1178,3720,2406.7
65576910526,499,3,408,4650,2438.7
65576910527,499,5,390,2708,1533.2
65576910528,499,7,212,4358,1981.4
65809731485,499,4,312,3128,1876.0
65809731486,499,1,4584,4584,4584.0
65809731487,499,4,2930,4896,3712.0
65809731488,499,7,168,4940,1902.6
65824739709,499,3,2310,4164,3534.0
65824739710,499,7,1824,4520,3004.3
65824739711,499,1,804,804,804.0
65824739712,499,5,426,3894,2969.6
66398952664,499,6,20,4986,1582.3
66398952665,499,6,488,4934,3165.0
66398952666,499,2,2234,4104,3169.0
66398952667,499,8,210,4076,1742.8
66483948761,499,7,110,4988,2300.0
66483948762,499,2,150,3864,2007.0
66483948763,499,2,18,3822,1920.0
66483948764,499,3,1544,3830,2713.3
66699239736,499,3,464,3222,1976.7
66699239737,499,6,1098,4566,2900.3
66699239738,499,3,3006,4836,4176.0
66699239739,499,7,98,4916,3442.6
66708084075,499,14,992,4820,2914.0
66708084076,499,5,608,4202,2385.2
66708084077,499,5,2786,4038,3409.2
66708084078,499,1,2318,2318,2318.0
66782549246,499,3,630,4820,2532.7
66782549247,499,5,84,2606,1350.4
66782549248,499,5,1446,3110,1871.6
66782549249,499,5,258,2964,1324.0
66954115822,499,3,1304,1754,1591.3
66954115823,499,4,212,4370,2520.0
66954115824,499,3,558,3978,2754.7
66954115825,499,8,278,4782,2855.2
67078621554,499,3,2534,4350,3490.7
67078621555,499,9,192,4710,2021.1
67078621556,499,6,312,3648,1592.3
67078621557,499,9,168,4074,1630.0
67745481054,499,3,1976,4430,3533.3
67745481055,499,3,480,4368,2846.7
67745481056,499,4,1958,3098,2613.5
67745481057,499,3,1764,3596,2693.3
67937064659,499,5,1124,3330,1921.2
67937064660,499,3,1628,3948,2811.3
67937064661,499,6,570,4860,2627.7
67937064662,499,2,816,1290,1053.0
68822406273,500,4,216,4946,2906.0
68822406274,500,4,116,4496,2556.0
68822406275,500,5,1970,4638,3641.2
68875255095,500,3,1362,4422,3278.7
68875255096,500,3,2130,3710,3036.7
68875255097,500,4,884,2394,1637.0
68875255098,500,3,1586,4890,3707.3
69315435078,500,3,648,3492,2538.7
69315435079,500,2,1128,4550,2839.0
69315435080,500,6,924,4548,1889.7
69315435081,500,9,20,4844,2643.6
69384901935,500,3,2024,4860,3600.7
69384901936,500,6,468,4350,2180.7
69384901937,500,4,686,3786,2484.0
69384901938,500,4,960,4860,3278.5
69385681900,500,8,564,4352,2686.5
69385681901,500,1,462,462,462.0
69385681902,500,4,810,3260,2202.5
69385681903,500,4,32,4226,2754.0
69510145869,500,3,618,3678,2170.7
69510145870,500,4,950,4898,2583.0
69510145871,500,1,318,318,318.0
69510145872,500,4,1076,4550,2375.0
69656333597,500,2,798,3416,2107.0
69656333598,500,7,492,4668,2084.3
69656333599,500,4,950,4274,2568.0
69656333600,500,6,90,4554,2161.3
69984014739,500,5,548,4844,2805.6
69984014740,500,8,408,3972,1474.2
69984014741,500,6,1094,4518,2639.3
69984014742,500,2,618,3594,2106.0
70080415944,500,9,530,3986,2066.2
70080415945,500,1,1788,1788,1788.0
70080415946,500,2,1148,4188,2668.0
70080415947,500,5,2298,4734,4020.8
70180654654,500,4,1980,5000,3994.5
70180654655,500,3,294,1892,1335.3
70180654656,500,5,1404,4304,2965.6
70180654657,500,3,720,4778,3030.7
72303918076,501,2,1190,1728,1459.0
72303918078,501,3,770,3588,1916.7
72303918079,501,8,1416,4976,3467.8
72443521126,501,2,918,3114,2016.0
72443521127,501,6,636,4784,2983.3
72443521128,501,1,4730,4730,4730.0
72523495237,501,6,414,4056,2049.0
72523495238,501,4,602,4056,2188.0
72523495239,501,2,1230,3666,2448.0
72523495240,501,6,1748,4920,3386.7
72953483738,501,6,578,4758,2857.7
72953483739,501,7,158,3926,2383.1
72953483740,501,6,408,4740,2507.0
72953483741,501,3,188,2852,1626.0
73145472824,501,4,560,4640,3083.0
73145472825,501,7,132,4308,2422.9
73145472826,501,7,2820,4778,3500.6
73145472827,501,9,350,4506,2157.3
73190889378,501,3,476,3512,1838.0
73190889379,501,4,1688,4806,3000.0
73190889380,501,6,500,4910,2741.3
73190889381,501,4,1988,4550,3719.5
73268767383,501,2,1328,2228,1778.0
73268767384,501,4,1388,2378,1798.5
73268767385,501,4,810,4958,2986.0
73268767386,501,4,1952,4820,3274.5
73288859807,501,5,1416,3906,3083.6
73288859808,501,1,3836,3836,3836.0
73288859809,501,2,3636,3656,3646.0
73288859810,501,2,2684,3068,2876.0
73292417435,501,2,1290,1488,1389.0
73292417436,501,6,774,2940,2008.0
73292417437,501,10,824,4776,2894.4
73292417438,501,12,386,4068,1986.0
73292417439,501,5,68,4728,2513.6
73792462785,501,6,338,3392,1532.3
73792462786,501,6,318,4610,2082.0
73792462787,501,6,86,4716,1996.3
73792462788,501,1,3870,3870,3870.0
74192827003,501,2,4436,4520,4478.0
74192827004,501,3,348,4986,1916.0
74192827005,501,2,98,1934,1016.0
74192827006,501,4,600,3530,1593.0
74586191818,501,2,1536,4512,3024.0
74586191819,501,8,534,4524,2351.0
74586191820,501,6,552,4674,2340.0
74586191821,501,3,1832,4940,3567.3
75058926742,501,6,1638,3788,2786.3
75058926743,501,3,96,1440,614.0
75058926744,501,2,278,4170,2224.0
75058926745,501,7,530,4154,2059.4
75110822597,501,8,134,4008,2634.0
75110822598,501,4,60,3530,1633.0
75110822599,501,2,1784,2504,2144.0
75110822600,501,6,1668,4932,3236.7
75165534923,501,5,516,3246,1549.2
75165534924,501,1,2834,2834,2834.0
75165534925,501,6,44,4764,1798.3
75165534926,501,5,188,4692,2185.6
75672753870,502,6,1094,3632,2698.0
75672753871,502,4,780,4494,2522.0
75672753872,502,6,726,4974,2301.3
75672753873,502,7,252,3876,1817.7
75882864264,502,8,194,4656,3041.0
75882864265,502,3,3698,4848,4348.7
75882864266,502,8,522,4758,1891.5
75882864267,502,6,966,4226,2761.0
75900027213,502,3,408,2736,1906.7
75900027214,502,2,674,3606,2140.0
75900027215,502,1,674,674,674.0
75900027216,502,8,102,4262,1709.2
76633256122,502,4,180,4214,2291.0
76633256123,502,4,3012,4322,3698.0
76633256124,502,4,234,3836,1793.0
76633256125,502,5,630,4788,3437.2
76825489769,502,5,836,4238,2135.6
76825489770,502,6,122,4298,1788.3
76825489771,502,5,632,3114,1825.2
76825489772,502,9,654,4514,2850.4
77184542378,502,4,78,4760,2660.5
77184542379,502,6,2924,4844,4107.3
77184542380,502,2,1038,2942,1990.0
77184542381,502,4,698,4398,1902.0
77255566182,502,2,2570,4164,3367.0
77255566183,502,5,2180,4856,3245.2
77255566184,502,4,674,4610,2716.5
77255566185,502,3,1112,3792,2042.7
77309742824,502,4,524,4314,2230.5
77309742825,502,4,1062,3660,2292.0
77309742826,502,4,374,4994,3336.0
77309742827,502,2,1266,3246,2256.0
77594757268,502,11,1190,4872,2873.8
77594757269,502,4,114,1976,1278.5
77594757271,502,5,198,4788,2574.0
77677017995,502,1,3360,3360,3360.0
77677017996,502,2,294,4814,2554.0
77677017997,502,3,1704,3846,3102.0
77677017998,502,6,140,4830,1935.3
78091095111,502,6,1080,4848,2970.3
78091095112,502,2,2688,4778,3733.0
78091095113,502,2,4352,4602,4477.0
78091095114,502,1,2124,2124,2124.0
78447523763,502,6,72,4752,1777.3
78447523764,502,5,320,3590,1831.2
78447523765,502,7,944,4604,3605.4
78447523766,502,4,168,3240,2075.5
78537052509,502,4,1530,3294,2487.5
78537052510,502,3,1004,5000,2794.0
78537052511,502,4,222,4352,2634.0
78537052512,502,3,90,3548,2268.7
78946599927,502,9,660,4260,2956.7
78946599928,502,6,132,4896,1800.3
78946599929,502,9,200,4646,2498.7
78946599930,502,3,1548,4934,2860.7
79244640245,503,2,2298,4728,3513.0
79244640246,503,3,572,2850,1725.3
79244640247,503,5,168,4760,2621.6
79244640248,503,5,2360,4436,3290.8
80121852058,503,2,2606,4610,3608.0
80121852059,503,6,138,2568,1363.0
80121852060,503,5,1518,4962,3118.4
80121852061,503,2,1442,4520,2981.0
80192801429,503,7,158,4650,2980.6
80192801430,503,3,3512,4578,4107.3
80192801431,503,5,2454,4302,3279.6
80192801432,503,3,408,4190,2872.7
80227459218,503,4,1290,4628,3050.5
80227459219,503,2,854,4008,2431.0
80227459220,503,5,1700,4262,2860.4
80227459221,503,5,1490,4934,3124.4
80245711958,503,1,2072,2072,2072.0
80245711959,503,6,254,4188,2240.3
80245711960,503,6,552,3458,2084.3
80245711961,503,3,834,4830,3040.7
80552803551,503,1,1844,1844,1844.0
80552803552,503,5,596,4578,2632.0
80552803553,503,3,422,4910,3058.0
80552803554,503,3,2234,4158,3232.7
80878916505,503,8,98,4592,2474.2
80878916506,503,7,1160,4598,3157.4
80878916507,503,3,36,2298,946.7
80878916508,503,7,558,3558,1662.6
81031826314,503,9,86,4968,1711.8
81031826315,503,4,492,4250,2648.5
81031826316,503,4,170,3470,1720.5
81031826317,503,2,2036,3428,2732.0
81094362268,503,4,180,3570,1168.5
81094362269,503,6,134,4376,2856.0
81094362270,503,5,810,3140,2054.4
81132554616,503,7,872,2484,1756.3
81132554617,503,6,1428,4368,2976.3
81132554619,503,4,194,1416,884.5
81205919974,503,2,336,3194,1765.0
81205919975,503,4,542,3464,2182.5
81205919976,503,5,1920,3978,2915.2
81205919977,503,5,1220,3804,2517.6
81227898774,503,1,2928,2928,2928.0
81227898775,503,2,1380,2132,1756.0
81227898776,503,5,780,3468,1922.8
81227898777,503,2,2064,2078,2071.0
81432856965,503,4,242,4020,2820.5
81432856967,503,5,770,4598,3460.0
81490464705,503,4,272,4020,2224.0
81490464706,503,6,32,4368,2606.0
81490464707,503,1,3930,3930,3930.0
81490464708,503,2,2646,3800,3223.0
81807931841,503,5,20,4538,2808.0
81807931842,503,2,986,4034,2510.0
81807931843,503,4,108,2342,1339.0
81807931844,503,8,384,4926,1954.8
81897209816,503,7,74,4740,2492.3
81897209817,503,4,506,4260,3065.5
81897209818,503,5,716,3782,1970.4
81897209819,503,3,464,3216,1766.7
81990544173,503,4,288,3626,1823.5
81990544174,503,2,2420,3258,2839.0
81990544175,503,4,398,4718,2491.0
81990544176,503,2,522,3054,1788.0
82181807479,503,2,3486,4928,4207.0
82181807480,503,3,1308,3248,1976.7
82181807481,503,3,1094,4964,3415.3
82181807482,503,5,954,4064,2375.6
82522163871,503,5,240,4494,2117.6
82522163872,503,4,978,3050,1881.5
82522163873,503,3,2528,4782,3985.3
82522163874,503,6,98,4160,2543.7
82522310183,503,3,402,3930,2204.0
82522310184,503,5,36,2940,1358.0
82522310185,503,5,888,3888,2443.2
82522310186,503,7,1640,4232,2932.0
82563276016,503,1,3414,3414,3414.0
82563276017,503,4,2246,4436,3336.0
82563276018,503,6,270,4932,2423.7
82563276019,503,8,606,4470,3066.0
83548628339,504,7,984,4140,2510.3
83548628340,504,3,3068,3800,3372.0
83548628341,504,2,1112,2790,1951.0
83548628342,504,3,1310,4298,2971.3
83702501805,504,3,2528,4704,3433.3
83702501806,504,5,714,4332,2523.2
83702501807,504,4,564,2004,1193.0
83702501808,504,3,1092,3180,2238.0
83918295196,504,3,3140,4482,3693.3
83918295197,504,1,1520,1520,1520.0
83918295198,504,6,270,4770,2153.0
83918295199,504,2,3164,4586,3875.0
84440673564,504,5,2910,4908,4197.2
84440673565,504,2,3980,4868,4424.0
84440673566,504,4,98,5000,2490.5
84440673567,504,5,740,4160,2391.6
84710961261,504,1,1130,1130,1130.0
84710961262,504,5,1566,4328,2906.8
84710961263,504,2,992,2540,1766.0
84710961264,504,5,348,4004,2538.4
84928199293,504,2,3558,3660,3609.0
84928199294,504,5,294,3638,2076.4
84928199295,504,6,554,3740,2149.3
84928199296,504,1,2658,2658,2658.0
85058335663,504,5,2030,4956,3714.4
85058335664,504,9,378,4956,1676.9
85058335665,504,6,338,4340,1957.3
85058335666,504,7,1074,4232,2356.9
85068264638,504,5,168,4346,1620.0
85068264639,504,6,308,3716,1488.7
85068264640,504,2,2714,4958,3836.0
85068264641,504,4,44,4274,2268.5
85521151294,504,3,426,1938,1334.7
85521151295,504,4,798,3374,2116.5
85521151296,504,2,1664,4524,3094.0
85521151297,504,2,276,3908,2092.0
85852668947,504,8,1496,4886,3547.5
85852668948,504,2,170,1818,994.0
85852668949,504,4,338,4916,2296.5
85852668950,504,7,1724,2172,1901.1
86178377841,504,6,2582,4214,3058.3
86178377842,504,3,710,4740,3035.3
86178377843,504,2,3408,3986,3697.0
86178377844,504,5,1800,4880,3091.2
86644629583,504,3,690,1470,1050.7
86644629584,504,6,1596,4736,2787.7
86644629585,504,10,698,4850,3698.0
86644629586,504,8,218,4992,2091.2
86724695576,504,2,2364,3012,2688.0
86724695577,504,5,104,3798,1936.8
86724695578,504,5,1770,4436,3296.0
86724695579,504,5,204,3246,2047.6
86950703531,504,6,384,3120,1216.7
86950703532,504,2,464,1250,857.0
86950703533,504,2,146,4508,2327.0
86950703534,504,7,188,4290,2920.9
87072590030,504,5,470,3102,1835.2
87072590031,504,4,284,3384,1910.5
87072590032,504,4,3420,4674,3899.0
87072590033,504,5,662,4790,3171.6
87170648704,504,3,1260,2856,1840.0
87170648705,504,3,2622,4728,3434.7
87170648706,504,3,44,878,547.3
87170648707,504,6,420,4904,3280.3
87344272124,504,5,656,3920,1775.6
87344272125,504,1,600,600,600.0
87344272126,504,4,2912,3992,3418.5
87344272127,504,4,66,3780,1919.0
87364378511,504,2,2892,3678,3285.0
87364378512,504,4,206,2060,1046.0
87364378513,504,6,132,4412,2199.3
87364378514,504,1,548,548,548.0
87438247775,504,4,390,4784,3133.0
87438247776,504,1,1274,1274,1274.0
87438247777,504,5,50,4646,2854.0
87438247778,504,5,96,4368,2495.6
87452447516,504,4,272,3330,2137.0
87452447517,504,4,86,2270,841.0
87452447518,504,3,698,1166,882.0
87534173136,505,1,2138,2138,2138.0
87534173137,505,7,450,4188,2306.6
87534173138,505,3,788,4202,2640.0
87534173139,505,5,1130,4448,2974.8
88000750393,505,4,2168,4848,3169.0
88000750394,505,8,1058,4796,2942.0
88000750395,505,8,494,4892,2873.0
88000750396,505,5,60,3798,2271.2
88225100466,505,6,1422,4512,2687.3
88225100467,505,4,1550,4854,2752.0
88225100468,505,5,3146,4826,4083.6
88225100469,505,4,1140,3380,2174.5
88549537599,505,9,380,4998,2663.1
88549537600,505,5,1358,3740,2344.4
88549537601,505,4,1874,3198,2578.5
88549537602,505,5,488,4766,2462.0
88701334800,505,5,920,4860,2538.0
88701334801,505,5,1202,4524,3113.6
88701334802,505,2,2106,2558,2332.0
88701334803,505,11,540,4518,2430.7
88779247373,505,6,690,4862,2380.7
88779247374,505,5,1304,3290,2013.2
88779247375,505,2,852,4140,2496.0
88779247376,505,3,740,3722,2552.0
88870530998,505,6,926,3926,2274.7
88870530999,505,1,3938,3938,3938.0
88870531000,505,5,1778,4422,2945.6
89170676253,505,3,2322,2798,2593.3
89170676254,505,6,200,4026,1699.3
89170676255,505,6,240,3794,2094.0
89170676256,505,3,3362,4958,4404.0
89327920763,505,5,206,4406,2452.8
89327920764,505,4,860,4214,2221.5
89327920765,505,3,338,4710,2598.7
89327920766,505,7,440,4034,2487.1
89697718770,505,6,282,4922,2300.0
89697718771,505,5,2672,4640,3878.4
89697718772,505,4,36,4236,2556.5
89697718773,505,3,62,462,316.7
90120216580,505,12,212,4932,3032.0
90120216581,505,6,278,3314,2388.7
90120216582,505,2,108,860,484.0
90120216583,505,2,332,2540,1436.0
90127223577,505,8,120,4730,1487.2
90127223578,505,4,98,4518,1435.0
90127223579,505,8,168,4940,2983.2
90127223580,505,3,522,3980,2375.3
90247182065,505,2,1952,4944,3448.0
90247182066,505,8,314,4424,2552.5
90247182067,505,3,1034,4778,3432.0
90247182068,505,5,480,3188,1886.0
90756107910,505,6,1044,4862,2724.7
90756107911,505,2,432,4272,2352.0
90756107912,505,7,1026,4884,3093.7
90756107913,505,1,998,998,998.0
91592273385,505,3,224,1770,984.7
91592273386,505,1,3374,3374,3374.0
91592273387,505,1,3470,3470,3470.0
91592273388,505,3,216,2856,1924.0
91718694462,505,5,114,4694,1913.2
91718694463,505,7,1452,4968,3270.6
91718694464,505,2,1680,2174,1927.0
91718694465,505,3,320,1692,1180.7
92159918264,506,4,674,4254,1981.0
92159918265,506,6,1874,4254,3061.0
92159918266,506,5,282,3492,1166.8
92159918267,506,8,344,4926,3370.0
92214146477,506,3,590,3770,1950.0
92214146478,506,4,1100,4718,3558.5
92214146479,506,6,96,4298,2402.7
92214146480,506,2,1554,2702,2128.0
92285900374,506,3,374,4086,2591.3
92285900375,506,4,1274,3932,2667.0
92285900376,506,2,2090,4094,3092.0
92285900377,506,3,426,3428,1659.3
92581796260,506,3,278,4974,3221.3
92581796261,506,8,902,4304,2701.5
92581796262,506,9,366,4686,2345.1
92581796263,506,6,222,3252,1717.3
92907320364,506,4,558,4058,1942.0
92907320365,506,4,2478,4512,3489.5
92907320366,506,4,2652,4814,3582.0
92907320367,506,6,1376,5000,2699.3
93003063818,506,3,1080,4952,3600.7
93003063819,506,2,4356,4710,4533.0
93003063820,506,4,1322,4878,3484.0
93003063821,506,7,338,4134,2096.3
93134573698,506,3,1440,4440,2808.7
93134573699,506,2,8,726,367.0
93134573700,506,3,1538,4830,3248.7
93134573701,506,4,362,4692,2995.0
93175678446,506,4,1358,3554,2242.5
93175678447,506,2,776,2508,1642.0
93175678448,506,3,2036,4118,3217.3
93175678449,506,2,2874,3626,3250.0
93818735711,506,5,564,4944,2648.4
93818735712,506,4,50,3288,1930.5
93818735713,506,2,1112,1518,1315.0
93818735714,506,7,426,4886,3084.0
93927206077,506,4,278,4800,1668.0
93927206078,506,7,158,3822,2243.4
93927206079,506,7,1188,4674,3173.4
93927206080,506,7,2054,4652,3146.9
94039728985,506,3,210,2814,1852.0
94039728986,506,4,1244,3600,2935.0
94039728987,506,4,1554,4914,3470.5
94039728988,506,2,186,3008,1597.0
94112206037,506,2,84,4046,2065.0
94112206038,506,3,2238,3062,2708.7
94112206039,506,2,2436,3600,3018.0
94112206040,506,4,1010,1964,1533.0
94332214979,506,4,524,4320,2508.0
94332214980,506,3,654,4410,1908.0
94332214981,506,4,608,3740,2629.5
94332214982,506,6,68,4448,2268.7
95238649217,506,4,110,3980,1829.5
95238649218,506,3,1050,4722,3488.0
95238649219,506,4,594,4058,2339.0
95519945974,506,5,846,4860,2614.0
95519945975,506,3,462,4202,1725.3
95519945976,506,5,828,3990,2783.6
95519945977,506,3,3216,4338,3904.7
95681300394,506,4,2804,3846,3164.5
95681300396,506,3,1694,3408,2758.7
95681300397,506,3,2096,3006,2410.7
95922284038,506,6,1508,4406,3077.7
95922284039,506,1,2090,2090,2090.0
95922284040,506,7,324,4772,2056.6
95922284041,506,3,1448,2742,1924.7
96254651397,506,4,1686,4316,3174.0
96254651398,506,5,1518,4818,2940.0
96254651399,506,8,644,4796,2376.2
96254651400,506,5,1242,4484,2623.2
96361653066,506,2,2904,4272,3588.0
96361653067,506,4,1986,3048,2661.5
96361653068,506,4,1286,4608,2765.5
96361653069,506,4,60,1934,688.0
96411495580,506,3,122,1362,821.3
96411495581,506,3,564,3134,1850.7
96411495582,506,3,2004,2558,2230.7
96411495583,506,3,866,3356,1836.0
96509865208,506,4,878,2852,2091.0
96509865209,506,5,324,4160,2262.4
96509865210,506,4,558,4640,2999.5
96509865211,506,8,882,4578,2994.2
96680703338,506,2,1442,3572,2507.0
96680703339,506,5,1316,4616,3504.0
96680703340,506,2,1478,2964,2221.0
96680703341,506,2,1550,4514,3032.0
96694304307,506,4,258,3506,2001.5
96694304308,506,4,2268,3698,2972.5
96694304309,506,9,1068,4616,2590.7
96694304310,506,1,3774,3774,3774.0
96726037844,507,5,1136,4680,3374.4
96726037845,507,6,492,3000,1560.7
96726037846,507,4,2222,4980,3516.5
96726037847,507,3,810,4974,3090.0
97275115576,507,5,218,3350,1281.6
97275115577,507,5,1088,4280,2747.2
97275115578,507,5,426,3692,1602.0
97275115579,507,8,56,4364,2276.5
97868110949,507,1,4758,4758,4758.0
97868110950,507,7,354,4370,1741.1
97868110951,507,7,240,2904,1792.3
97868110952,507,6,558,4190,2703.0
99025879256,507,5,312,3894,2183.2
99025879257,507,4,680,3440,1561.0
99025879258,507,7,1248,4700,2295.7
99025879259,507,9,2198,4950,3436.9
99205436226,507,2,1700,4052,2876.0
99205436227,507,8,764,4116,2020.0
99205436228,507,4,60,4032,2653.0
99205436229,507,2,218,4626,2422.0
99257692051,507,9,278,4728,2667.1
99257692052,507,4,884,3804,2088.0
99257692053,507,5,720,4082,2349.2
99257692054,507,2,2370,3036,2703.0
101117813255,507,4,1130,4290,2770.5
101117813256,507,1,282,282,282.0
101117813257,507,5,474,3126,1588.0
101117813258,507,5,200,4328,2551.2
101226256473,507,5,1526,3086,2436.4
101226256474,507,4,1484,4074,2944.0
101226256475,507,5,1404,3404,2563.2
101226256476,507,6,662,4464,2414.3
101726838873,508,5,960,4650,3095.2
101726838874,508,8,296,4130,2450.5
101726838875,508,4,44,3942,2617.0
101726838876,508,5,1040,4010,2805.6
101932808352,508,6,258,4548,2135.7
101932808353,508,5,1640,3926,3031.2
101932808354,508,6,594,4584,2750.7
101932808355,508,5,210,4700,2426.0
102037623801,508,7,80,4650,2543.4
102037623802,508,3,246,2136,1464.0
102037623803,508,6,230,4898,3315.7
102037623804,508,2,464,1616,1040.0
102267860300,508,9,114,4604,2123.3
102267860301,508,5,108,4310,2334.0
102267860302,508,3,566,4674,2322.7
102267860303,508,6,542,3038,1911.7
103376065808,508,2,3300,4172,3736.0
103376065809,508,6,254,3588,1751.7
103376065810,508,2,650,2628,1639.0
103376065811,508,7,890,3374,2259.1
103396228638,508,2,1472,3726,2599.0
103396228639,508,4,336,4160,2239.0
103396228640,508,4,1344,4160,2519.0
103396228641,508,4,1490,4740,2619.0
103957400502,508,6,180,3876,1961.3
103957400503,508,5,6,4416,2076.0
103957400504,508,5,54,3758,2190.4
103957400505,508,10,174,4818,2425.4
104486576750,508,6,1172,4164,2850.0
104486576751,508,5,30,3600,2301.2
104486576752,508,1,3716,3716,3716.0
104486576753,508,5,770,2010,1478.0
104504127917,508,3,338,3918,2030.7
104504127918,508,4,626,2258,1596.5
104504127919,508,3,866,4386,2386.7
104504127920,508,5,1238,3990,2571.6
105053774425,508,5,780,4770,1968.4
105053774426,508,7,278,3912,2752.6
105053774427,508,4,1160,4464,2693.5
105053774428,508,4,402,4770,2544.5
105164813266,508,8,384,4230,2463.2
105164813267,508,7,278,4038,1697.7
105164813268,508,3,218,4562,2230.0
105164813269,508,7,276,4590,2318.6
105248284595,508,1,1128,1128,1128.0
105248284596,508,1,1638,1638,1638.0
105248284597,508,3,408,3168,1818.0
105463974581,508,4,18,4508,1484.5
105463974582,508,4,264,4464,1868.5
105463974583,508,2,2150,4190,3170.0
105463974584,508,4,6,2246,905.0
105618030431,508,3,2148,3452,2630.7
105618030432,508,4,368,2450,1650.0
105618030433,508,4,158,3168,1417.0
105618030434,508,4,66,4920,1899.0
105950863709,508,4,228,4916,2296.5
105950863710,508,2,1034,4260,2647.0
105950863711,508,6,18,4092,2510.0
105950863712,508,4,740,1980,1373.0
106128313306,508,2,1938,4028,2983.0
106128313307,508,4,368,5000,3183.0
106128313308,508,8,132,4596,1962.5
106128313309,508,3,780,3446,2318.7
106168717370,508,3,722,3294,1875.3
106168717371,508,4,698,3518,2536.5
106168717372,508,9,1220,4478,2278.4
106168717373,508,7,776,4482,2554.3
106451271265,508,4,80,4020,1488.0
106451271266,508,6,170,4902,3031.7
106451271267,508,6,146,4914,2487.0
106451271268,508,2,1680,3842,2761.0
106849203495,508,4,242,4734,1658.5
106849203496,508,5,368,2970,1204.0
106849203497,508,3,678,3834,1822.0
106849203498,508,7,506,4776,2327.1
107055268648,509,5,1062,2118,1603.2
107055268649,509,5,1050,3866,2151.2
107055268650,509,3,248,2438,1025.3
107055268651,509,5,362,4242,2523.2
107094700716,509,6,1778,3840,2629.3
107094700717,509,1,4676,4676,4676.0
107094700718,509,4,542,3246,1914.0
107094700719,509,8,684,4964,3541.0
107108214622,509,3,384,4706,2686.7
107108214623,509,8,476,4850,2931.8
107108214624,509,5,1868,3944,3003.6
107108214625,509,8,110,3102,1255.5
107163255221,509,3,224,4532,1800.0
107163255222,509,2,1890,4050,2970.0
107163255223,509,6,458,4382,2306.0
107163255224,509,8,176,4214,2199.0
107707905675,509,6,420,4674,2487.0
107707905676,509,2,2642,3990,3316.0
107707905677,509,3,1334,2736,2192.7
107707905678,509,5,2148,4568,3170.8
108219662789,509,4,2048,3764,3152.5
108219662790,509,5,1848,4794,3190.4
108219662791,509,5,284,3780,1689.6
108219662792,509,7,390,4920,1989.4
108418038553,509,4,788,3936,2015.5
108418038554,509,1,4470,4470,4470.0
108418038555,509,3,342,4808,2619.3
108418038556,509,3,540,4500,2646.0
109079902566,509,5,1182,3498,2280.0
109079902567,509,4,1716,2718,2384.5
109079902568,509,9,198,4818,2882.9
109079902569,509,9,390,4898,3063.1
109088508082,509,3,2126,4688,3821.3
109088508083,509,6,956,3710,2479.3
109088508084,509,3,1790,3720,2599.3
109088508085,509,4,390,4782,1772.5
109421263737,509,5,830,4724,2969.2
109421263738,509,6,278,3912,1274.0
109421263739,509,2,1848,1884,1866.0
109421263740,509,1,4592,4592,4592.0
109547710839,509,5,1718,4914,3236.0
109547710840,509,2,3938,4844,4391.0
109547710841,509,7,1104,4178,2784.9
109547710842,509,4,116,2298,1072.5
109642314968,509,2,3170,4116,3643.0
109642314969,509,4,108,4878,1497.5
109642314970,509,2,344,1878,1111.0
109642314971,509,3,2000,3758,2843.3
110200337978,509,3,546,3206,2281.3
110200337979,509,3,416,1206,908.7
110200337980,509,2,84,1148,616.0
110200337981,509,5,20,3984,2284.8
110545163916,509,3,1550,2748,2066.7
110545163917,509,5,686,4890,3334.8
110545163918,509,5,80,4526,2599.6
110545163919,509,5,468,4850,2844.8
110953692031,509,4,1152,4688,3489.0
110953692032,509,5,444,3588,2461.6
110953692033,509,6,78,2808,1745.3
110953692034,509,2,3444,4134,3789.0
111056522234,509,1,60,60,60.0
111056522235,509,5,1098,3084,2375.2
111056522236,509,3,702,4898,2389.3
111056522237,509,6,234,4826,2146.3
111394504551,509,4,1374,4160,2579.0
111394504552,509,3,608,3920,2638.0
111394504553,509,5,360,4328,2910.8
111394504554,509,5,378,4068,2472.0
111807642623,509,3,12,2538,878.7
111807642624,509,2,3108,3900,3504.0
111807642625,509,7,14,3084,1108.3
111807642626,509,1,4632,4632,4632.0
112231397180,509,4,1554,3518,2671.0
112231397181,509,1,1112,1112,1112.0
112231397182,509,4,2280,4716,3563.5
112231397183,509,4,146,3632,1855.5
112243761274,509,6,1028,3558,2412.0
112243761275,509,5,378,3194,1651.2
112243761276,509,8,110,4988,2189.2
112243761277,509,4,2106,4020,2988.5
112368908562,509,4,620,3990,1865.0
112368908563,509,5,726,3476,2324.0
112368908564,509,5,206,4998,2588.0
112368908565,509,5,1298,3464,2137.6
112612226091,510,3,158,4938,1905.3
112612226092,510,4,758,2298,1672.5
112612226093,510,3,12,762,464.0
112612226094,510,3,2708,3516,3112.7
113498157321,510,2,1518,4338,2928.0
113498157322,510,3,2490,3566,3083.3
113498157323,510,6,1572,4728,3292.0
113498157324,510,2,656,3278,1967.0
113660483086,510,4,1920,3104,2416.0
113660483087,510,1,3404,3404,3404.0
113660483088,510,2,1110,2772,1941.0
113660483089,510,3,1934,3954,3248.7
114246171966,510,4,284,4742,3150.5
114246171967,510,2,2378,4098,3238.0
114246171968,510,7,56,4538,2340.3
114246171969,510,5,2156,3704,2824.0
114497825913,510,8,656,4530,2534.8
114497825914,510,4,338,4830,3243.0
114497825915,510,2,1808,3920,2864.0
114497825916,510,4,2940,4658,3643.5
114703148315,510,4,774,4710,2573.5
114703148316,510,5,1304,4788,2800.8
114703148317,510,6,1224,4398,2654.3
114703148318,510,1,3912,3912,3912.0
114756532718,510,4,1992,4100,3220.5
114756532719,510,7,224,4028,1547.1
114756532720,510,6,3258,4878,4230.3
114756532721,510,6,878,4934,2671.7
114986878169,510,3,1944,4928,3568.7
114986878170,510,1,1500,1500,1500.0
114986878171,510,7,360,4520,2687.7
114986878172,510,4,746,3548,1705.5
115372895197,510,2,1200,2676,1938.0
115372895198,510,2,3348,3878,3613.0
115372895199,510,4,950,4488,3066.0
115372895200,510,3,374,3882,2395.3
115817631640,510,3,588,3558,1960.0
115817631641,510,6,2940,4934,3547.3
115817631642,510,5,168,4484,3159.6
115817631643,510,7,158,4106,2167.1
115821348670,510,5,810,4874,3215.6
115821348671,510,4,842,4932,3409.5
115821348672,510,5,978,3404,2013.6
115821348673,510,4,288,1838,1096.0
116255850744,510,4,158,4910,3243.5
116255850745,510,6,1140,4598,2827.3
116255850746,510,14,720,3818,2241.7
116255850747,510,14,26,4728,2440.9
116255850748,510,11,306,4950,2236.5
117347666774,510,4,1818,4076,3267.0
117347666775,510,4,782,4514,2062.0
117347666776,510,1,642,642,642.0
117347666777,510,4,1056,4814,2885.5
117961457777,510,1,3498,3498,3498.0
117961457778,510,2,326,1248,787.0
117961457779,510,4,2040,4508,3718.5
117961457780,510,2,2004,4244,3124.0
118005672016,510,4,110,4140,2047.0
118005672017,510,3,194,1908,1085.3
118005672018,510,4,396,2748,1424.0
118005672019,510,4,530,4130,2389.5
118323412292,511,2,884,4386,2635.0
118323412293,511,8,1148,4778,2650.2
118323412294,511,6,18,3390,1724.0
118323412295,511,1,2682,2682,2682.0
118551578372,511,3,266,4088,2040.0
118551578373,511,3,440,2906,1788.0
118551578374,511,8,170,4938,3064.2
118551578375,511,1,1770,1770,1770.0
119200169424,511,2,510,1064,787.0
119200169425,511,4,264,4182,2704.5
119200169426,511,5,954,4404,2638.4
119200169427,511,3,18,2958,1678.0
119434855593,511,4,476,4920,2651.5
119434855594,511,10,444,4484,2468.8
119434855595,511,3,1758,3504,2644.7
119434855596,511,1,1832,1832,1832.0
119456408269,511,5,630,3198,2150.0
119456408270,511,2,2004,3552,2778.0
119456408271,511,9,482,4970,2557.1
119456408272,511,8,248,4730,3107.8
120541756903,511,3,1416,4788,3600.7
120541756904,511,4,1358,4956,2977.0
120541756905,511,6,42,3672,1965.0
120541756906,511,5,672,3500,2080.8
120805142626,511,3,1950,3950,3114.7
120805142627,511,5,600,4536,2382.8
120805142628,511,4,1820,4916,3249.0
120805142629,511,9,1074,4808,2662.2
120854621882,511,5,1794,4680,3126.4
120854621883,511,4,1310,3390,2793.0
120854621884,511,4,3090,4928,4226.5
120854621885,511,4,840,1890,1274.0
121059987182,511,7,164,4854,3153.4
121059987183,511,2,620,2718,1669.0
121059987184,511,3,3086,3738,3393.3
121059987185,511,10,374,4338,2318.0
121540289494,511,3,1578,3986,2834.7
121540289495,511,6,740,4704,2721.3
121540289496,511,2,902,2832,1867.0
121540289497,511,4,666,4976,2412.5
121978847679,511,2,4074,4380,4227.0
121978847680,511,4,3092,3738,3407.5
121978847681,511,2,2754,2820,2787.0
121978847682,511,6,624,3660,2091.3
122341472147,511,5,650,3128,1751.2
122341472148,511,5,1302,4800,3200.0
122341472149,511,5,1718,4508,3426.8
122341472150,511,6,2688,4898,3808.3
122625075193,511,1,4836,4836,4836.0
122625075194,511,3,956,3264,2354.7
122625075195,511,1,1638,1638,1638.0
122625075196,511,2,734,804,769.0
122663937161,511,5,392,4170,2412.0
122663937162,511,4,168,3480,1845.5
122663937163,511,5,1572,4302,2864.0
122663937164,511,2,2114,2564,2339.0
122726858402,511,3,320,1104,592.7
122726858403,511,6,350,4758,2322.7
122726858404,511,5,6,4160,1438.4
122726858405,511,4,782,4944,3167.5
123037305944,511,5,248,4704,2300.8
123037305945,511,3,1302,3918,2504.0
123037305946,511,6,428,4790,2623.7
123037305947,511,4,866,4076,2533.5
123172135550,511,5,482,4640,2882.8
123172135551,511,3,1122,2898,2208.0
123172135552,511,7,786,4404,2669.7
123172135553,511,1,4122,4122,4122.0
123209692698,511,1,948,948,948.0
123209692699,511,6,1190,4128,2579.0
123209692700,511,4,770,4260,2977.5
123209692701,511,5,398,4920,2288.8
123354822863,511,4,2058,4598,3320.0
123354822864,511,3,1368,4448,3330.7
123354822865,511,4,618,2604,1911.0
123354822866,511,4,2420,4688,3711.5
123499897759,511,4,608,4580,2949.5
123499897760,511,3,1388,2448,1958.7
123499897761,511,3,242,4440,2845.3
123499897762,511,6,140,2088,1166.0
123744190364,511,3,548,1416,1030.7
123744190365,511,3,474,4514,2095.3
123744190366,511,3,624,3912,1928.7
123744190367,511,7,738,4596,2888.0
123817086064,511,4,926,4196,3052.5
123817086065,511,3,552,3450,2150.7
123817086066,511,3,378,4568,2332.7
123817086067,511,5,2364,4064,3268.8
123847610498,511,4,2912,4938,3887.0
123847610499,511,10,444,4388,2876.2
123847610500,511,2,2328,4388,3358.0
123847610501,511,5,1572,4548,2958.0
124047626857,511,4,1754,4850,3222.0
124047626858,511,2,1556,4532,3044.0
124047626859,511,2,1734,3540,2637.0
124047626860,511,1,2604,2604,2604.0
124201076593,511,7,312,4818,1883.7
124201076594,511,8,1148,4868,2527.8
124201076595,511,2,594,702,648.0
124201076596,511,4,2504,4584,3886.0
124246417533,512,8,776,4602,2796.2
124246417534,512,4,1320,4178,2210.5
124246417535,512,2,2534,3974,3254.0
124246417536,512,5,740,4764,2650.0
124340002320,512,3,842,4272,2110.7
124340002321,512,6,914,4932,2620.0
124340002322,512,5,726,3636,1830.4
124340002323,512,2,3402,3458,3430.0
124749688743,512,5,2100,3020,2594.0
124749688744,512,1,4898,4898,4898.0
124749688745,512,6,1014,4290,2005.0
124749688746,512,3,1260,4758,3466.7
124939309254,512,9,138,4586,2777.6
124939309255,512,2,2852,3762,3307.0
124939309256,512,4,3018,3800,3349.0
124939309257,512,2,404,938,671.0
125202509283,512,4,572,4028,2292.0
125202509284,512,4,2378,4928,4006.0
125202509285,512,3,1838,4154,3125.3
125202509286,512,5,600,4100,2636.0
125315553985,512,5,2808,4320,3434.4
125315553986,512,2,2288,2442,2365.0
125315553987,512,6,630,3608,1510.0
125315553988,512,5,512,3696,1686.0
125385480009,512,3,1310,4920,2622.7
125385480010,512,5,1428,4722,3110.0
125385480011,512,5,294,4224,2613.2
125385480012,512,6,620,4794,3177.0
125387781789,512,3,2504,3864,2989.3
125387781790,512,3,1104,4958,3153.3
125387781791,512,5,560,4788,2580.0
125387781792,512,5,264,4400,2443.2
125479346652,512,2,918,2756,1837.0
125479346653,512,3,576,2120,1337.3
125479346654,512,4,2588,4950,3460.5
125479346655,512,5,1994,4374,3121.2
126368511389,512,3,1248,2226,1672.7
126368511390,512,1,1890,1890,1890.0
126368511391,512,3,1008,4650,2784.0
126368511392,512,6,1230,4958,2897.3
126378553414,512,3,548,3498,2274.7
126378553415,512,1,420,420,420.0
126378553416,512,2,3500,3552,3526.0
126378553417,512,2,408,3726,2067.0
126441837157,512,2,1964,3044,2504.0
126441837158,512,7,80,3798,2195.4
126441837159,512,8,1218,4514,2707.2
126441837160,512,3,1724,3824,2759.3
126468576199,512,4,1224,4010,2796.5
126468576200,512,5,122,4220,2211.2
126468576201,512,4,180,4454,1845.0
126468576202,512,3,1290,4784,3527.3
126720185652,512,7,296,4016,2149.4
126720185653,512,3,18,4758,2760.7
126720185654,512,1,78,78,78.0
126720185655,512,2,270,4622,2446.0
126755980783,512,10,278,4482,2370.6
126755980784,512,4,714,4004,2903.0
126755980785,512,3,3702,4388,3946.7
126755980786,512,6,968,4640,2796.7
127023420463,512,3,2780,4478,3591.3
127023420464,512,1,3188,3188,3188.0
127023420465,512,4,1454,4844,2623.5
127023420466,512,6,564,4394,2667.0
127197144447,512,1,1068,1068,1068.0
127197144448,512,1,3558,3558,3558.0
127197144449,512,4,164,4164,2452.0
127197144450,512,3,672,3168,1882.7
127365701377,512,3,1080,4440,2898.7
127365701378,512,1,3200,3200,3200.0
127365701379,512,3,2676,4784,3696.7
127365701380,512,4,384,3510,1801.0
127408727027,512,3,1320,4248,2898.7
127408727028,512,7,302,4928,2413.4
127408727029,512,4,2370,4784,3471.5
127408727030,512,4,1310,3008,2015.0
127772855880,512,6,410,4872,2710.3
127772855881,512,2,1374,3450,2412.0
127772855882,512,8,158,4898,2348.5
127772855883,512,5,510,3948,2096.8
127853149134,512,4,464,1944,1050.5
127853149135,512,5,1122,3320,2251.2
127853149136,512,3,2274,4878,3200.7
127853149137,512,5,38,4904,2934.4
128243633768,512,5,1320,4202,2668.4
128243633769,512,2,2850,4596,3723.0
128243633770,512,6,720,3854,1904.0
128243633771,512,2,2742,4512,3627.0
128617976142,512,5,1158,4884,2671.6
128617976143,512,3,608,2882,1683.3
128617976144,512,2,3086,4646,3866.0
128617976145,512,2,650,1812,1231.0
128781878679,512,4,516,3894,2237.0
128781878680,512,3,1530,4584,2654.0
128781878682,512,9,78,4706,2206.4
129289255356,512,4,804,4622,1901.5
129289255357,512,2,2448,4784,3616.0
129289255358,512,4,770,4338,2239.0
129289255359,512,4,678,4134,3005.5
129476973894,512,8,410,4010,2414.2
129476973895,512,6,434,4682,2957.7
129476973896,512,4,744,3972,2067.0
129476973897,512,3,186,3420,1856.7
130043666633,512,4,470,4782,2780.5
130043666634,512,2,1214,1824,1519.0
130043666635,512,6,180,4982,2554.7
130043666636,512,2,420,3000,1710.0
130549613720,512,4,1148,4058,2483.5
130549613721,512,6,2130,3758,3047.7
130549613722,512,7,444,4710,3194.3
130549613723,512,7,92,4688,2252.6
130581270765,513,7,422,4944,2358.6
130581270766,513,4,2688,4692,3640.5
130581270767,513,5,1416,3408,2334.4
130581270768,513,4,306,1416,878.0
130583176000,513,3,3158,4982,3854.0
130583176001,513,4,324,3492,2028.0
130583176002,513,5,86,4820,2112.0
130583176003,513,3,1026,1700,1309.3
130601213839,513,4,606,3698,2329.5
130601213840,513,3,1302,2802,2140.7
130601213841,513,9,228,4728,2907.8
130601213842,513,3,54,4578,1852.0
130626533910,513,3,758,4772,2130.0
130626533911,513,2,1058,2552,1805.0
130626533912,513,4,3738,4904,4366.0
130626533913,513,4,2180,4848,3115.0
130854247187,513,3,2270,2664,2502.7
130854247188,513,4,150,4902,2734.0
130854247189,513,3,710,4410,2821.3
130854247190,513,7,2090,4898,3411.7
131021872001,513,4,1052,4782,2902.0
131021872002,513,4,714,4988,2179.5
131021872003,513,5,198,3698,2074.4
131021872004,513,4,720,4628,2411.5
131070597161,513,5,1220,4442,3054.4
131070597162,513,3,2166,3524,3062.7
131070597163,513,3,168,3546,1760.7
131070597164,513,5,180,3300,2036.8
131892175950,513,1,992,992,992.0
131892175951,513,6,614,3170,1812.3
131892175952,513,4,1466,4956,2633.0
131892175953,513,1,4698,4698,4698.0
131931108516,513,5,1622,4758,3171.2
131931108517,513,5,620,3164,1602.0
131931108518,513,6,1098,3876,1801.7
131931108519,513,7,444,4710,2354.0
132170006476,513,4,734,4962,2616.5
132170006477,513,4,164,4730,2160.0
132170006478,513,6,272,4640,2113.7
132170006479,513,5,516,4814,1830.0
132447599813,513,8,146,4976,2880.0
132447599814,513,7,186,4700,1858.3
132447599815,513,6,872,4484,2884.0
132447599816,513,2,1472,4974,3223.0
132571338233,513,4,248,4118,2068.5
132571338234,513,9,44,4674,2898.7
132571338235,513,5,404,4242,2130.8
132571338236,513,2,1178,3168,2173.0
133054422117,513,2,4226,4730,4478.0
133054422118,513,6,980,2766,2065.0
133054422119,513,5,954,4398,2575.6
133054422120,513,9,948,4322,3059.8
133226708613,513,5,1778,4298,2988.0
133226708614,513,8,840,4584,2908.2
133226708615,513,2,3360,4230,3795.0
133226708616,513,4,1878,4682,3070.0
133610174966,513,4,368,4502,2477.5
133610174967,513,9,248,4896,1756.0
133610174968,513,2,740,842,791.0
133610174969,513,2,4140,4590,4365.0
133674904373,513,2,26,4172,2099.0
133674904374,513,4,246,4976,2473.0
133674904375,513,8,158,4818,2055.8
133674904376,513,2,740,1070,905.0
133722846597,513,3,278,4844,3082.0
133722846598,513,6,126,4122,2080.7
133722846599,513,4,1476,2358,1821.5
133722846600,513,6,144,4718,2203.0
133876346358,513,7,278,4872,2364.6
133876346359,513,9,1188,4580,2657.6
133876346360,513,3,122,3290,1760.0
133876346361,513,7,1302,4548,3309.4
134300067464,513,4,1994,3938,2761.5
134300067465,513,5,734,3260,2001.6
134300067466,513,6,1508,4302,2720.0
134300067467,513,2,4958,4976,4967.0
134804131302,513,6,2474,4844,4257.0
134804131303,513,3,1190,3386,2607.3
134804131304,513,3,2300,3050,2782.0
134804131305,513,5,602,3660,2194.8
135322305241,513,3,1640,2420,2028.0
135322305242,513,2,2258,2666,2462.0
135322305243,513,4,126,4556,2778.5
135322305244,513,2,2964,4776,3870.0
135369268633,513,5,1182,4448,2829.6
135369268634,513,9,156,4554,2092.9
135369268635,513,9,480,4284,2504.0
135369268636,513,5,1532,4454,3368.8
135856917348,513,2,2186,3408,2797.0
135856917349,513,3,428,4178,2062.0
135856917350,513,4,2028,4928,3969.5
135856917351,513,7,1164,4914,3492.6
136520639442,513,2,2616,3314,2965.0
136520639443,513,6,1226,3200,2221.3
136520639444,513,3,3908,4646,4391.3
136520639445,513,5,1098,4262,3407.2
136669144206,513,5,930,4640,3376.4
136669144207,513,3,74,854,367.3
136669144208,513,5,516,4100,1942.4
136669144209,513,5,536,4910,3372.4
136777448619,513,6,254,3558,2171.3
136777448620,513,6,378,4470,2142.3
136777448621,513,1,3218,3218,3218.0
136777448622,513,1,4130,4130,4130.0
136960324515,513,6,1194,3644,2206.0
136960324516,513,3,1178,2048,1503.3
136960324517,513,7,650,3758,2348.0
136960324518,513,3,1818,4106,3105.3
137498043673,514,4,92,4520,1938.0
137498043674,514,4,488,3434,1884.0
137498043675,514,5,1764,4134,3025.6
137498043676,514,8,444,4724,2286.5
137764089159,514,2,1898,4116,3007.0
137764089160,514,5,608,3800,2347.2
137764089161,514,1,3378,3378,3378.0
137764089162,514,2,1398,4128,2763.0
138502169745,514,5,492,4118,1962.8
138502169746,514,6,504,4844,3314.7
138502169747,514,5,1020,3846,2738.8
138502169748,514,3,716,3248,2182.0
138538877147,514,1,3420,3420,3420.0
138538877148,514,7,396,4826,2459.7
138538877149,514,7,1064,4548,3071.4
138538877150,514,4,764,4412,2992.0
138840302974,514,6,1358,4706,3154.7
138840302975,514,6,1022,4238,2710.7
138840302976,514,2,3390,4818,4104.0
138840302977,514,2,1988,3024,2506.0
138879014824,514,3,146,2126,1122.0
138879014825,514,7,264,4032,1924.3
138879014826,514,5,428,4914,3024.0
138879014827,514,4,2670,4550,3547.0
139069987737,514,8,14,4940,2286.8
139069987738,514,10,228,4730,2162.8
139069987739,514,6,350,3834,1892.3
139069987740,514,3,1494,4058,2607.3
139263995829,514,1,830,830,830.0
139263995830,514,5,1862,4610,3154.8
139263995831,514,5,554,4778,3002.8
139263995832,514,4,1460,3950,2741.0
139809040646,514,8,842,4562,2127.0
139809040647,514,4,224,4926,2791.5
139809040648,514,2,2028,2912,2470.0
139809040649,514,5,158,4934,2188.8
139920215482,514,3,636,3696,1942.7
139920215483,514,7,338,3848,1383.1
139920215484,514,7,858,4790,2351.1
140277314588,514,3,1256,2652,2152.7
140277314589,514,6,1484,4128,2592.3
140277314590,514,4,1220,3390,2046.5
140277314591,514,2,2910,4944,3927.0
141239633209,514,4,1344,4380,2662.5
141239633210,514,1,1722,1722,1722.0
141239633211,514,5,1818,4458,2828.4
141239633212,514,5,776,3336,1851.2
141412916884,514,5,2606,4920,3768.0
141412916885,514,4,1848,4632,3205.5
141412916886,514,8,80,4874,2258.8
141412916887,514,6,860,3746,2217.3
142267185460,514,5,998,4134,2796.0
142267185461,514,4,1278,4190,3044.0
142267185462,514,6,1196,4338,2833.7
142267185463,514,2,366,558,462.0
142679836174,514,4,2268,3588,2965.0
142679836175,514,4,8,4934,2604.0
142679836176,514,4,798,4692,2715.0
142679836177,514,5,54,3926,2866.4
143291512168,514,5,230,2600,1069.6
143291512169,514,3,780,4860,2276.0
143291512170,514,1,230,230,230.0
143291512171,514,2,378,3822,2100.0
143460712621,514,9,578,4974,2512.0
143460712622,514,4,90,4074,2423.0
143460712623,514,4,1988,3740,2934.0
143460712624,514,3,186,2550,1556.7
143522131581,514,9,308,4188,3079.8
143522131582,514,4,1664,4644,3176.5
143522131583,514,6,182,4910,2595.3
143522131584,514,4,84,2064,1451.0
143649897765,514,4,668,2778,1990.0
143649897766,514,6,224,4928,2727.3
143649897767,514,6,206,3210,1767.7
143649897768,514,6,20,4838,2237.3
143701365982,514,4,1140,4250,2062.5
143701365983,514,1,4160,4160,4160.0
143701365984,514,3,774,4706,2503.3
143701365985,514,2,1698,3120,2409.0
144124781467,514,5,420,4638,2162.0
144124781468,514,6,68,4338,2265.7
144124781469,514,2,3230,3426,3328.0
144124781470,514,2,38,1022,530.0
144136146365,514,7,458,4512,2576.6
144136146366,514,2,702,3740,2221.0
144136146367,514,8,140,4170,1830.2
144136146368,514,3,1232,4562,2571.3
144267384750,514,1,3528,3528,3528.0
144267384751,514,5,240,2504,1239.6
144267384752,514,4,1866,4958,3365.5
144267384753,514,1,3138,3138,3138.0
144659569462,515,7,720,4506,2448.9
144659569463,515,1,2288,2288,2288.0
144659569464,515,5,224,4536,2098.4
144659569465,515,6,38,4608,1568.0
144845521110,515,4,2474,3630,2950.0
144845521111,515,3,2658,3704,3178.7
144845521112,515,6,840,4146,2085.7
144845521113,515,3,2232,4418,3095.3
144920834326,515,2,3938,4590,4264.0
144920834327,515,5,2298,4280,3405.2
144920834328,515,5,110,4032,1749.6
144920834329,515,3,606,2798,1422.7
145179052957,515,4,1440,3896,2660.0
145179052958,515,6,1160,4650,2884.0
145179052959,515,4,1476,3860,2321.5
145179052960,515,6,348,4910,2724.3
145406067723,515,5,1392,4206,3187.2
145406067725,515,3,2498,4032,3019.3
145406067726,515,2,374,2678,1526.0
145512369301,515,4,1334,3392,2392.5
145512369302,515,8,756,4544,2079.2
145512369303,515,4,462,3768,2057.5
145512369304,515,3,68,3066,1716.7
145649931242,515,4,656,4710,2575.5
145649931243,515,1,3086,3086,3086.0
145649931244,515,7,650,3726,2306.6
145649931245,515,3,44,3750,1787.3
145893581559,515,3,506,4898,3314.0
145893581561,515,4,1998,4634,2830.5
145893581562,515,6,1988,4734,3680.3
145950274885,515,3,498,4904,2917.3
145950274886,515,2,1092,2622,1857.0
145950274887,515,5,500,4728,2997.2
145950274888,515,4,1106,4892,3377.0
146015930981,515,3,254,864,538.7
146015930982,515,4,1466,3110,2628.0
146015930983,515,4,1506,3330,2551.0
146015930984,515,3,1454,4416,2579.3
146272251918,515,2,4328,4608,4468.0
146272251919,515,4,1580,2928,2290.0
146272251920,515,5,758,4068,2324.4
146272251921,515,2,2744,4140,3442.0
146683678058,515,2,842,3092,1967.0
146683678059,515,6,1278,4836,2611.0
146683678060,515,5,308,3390,1473.2
146683678061,515,9,884,4464,2325.1
147201058417,515,7,354,3218,1866.9
147201058418,515,3,2106,3132,2534.7
147201058419,515,6,996,4940,3253.3
147201058420,515,5,884,4730,3263.2
147336689777,515,6,110,3320,1660.3
147336689778,515,3,96,3486,1856.7
147336689779,515,5,1020,3840,2162.4
147336689780,515,5,1112,4920,2622.0
147358713944,515,6,168,4608,3141.3
147358713945,515,1,764,764,764.0
147358713946,515,5,390,4532,1800.4
147451875854,515,3,138,4610,1848.7
147451875855,515,3,1002,4620,3078.7
147451875856,515,6,1484,4652,3091.0
147451875857,515,6,174,4586,1985.0
147454185372,515,3,546,4556,2776.7
147454185373,515,6,102,3350,2018.3
147454185374,515,5,644,4430,2398.0
147454185375,515,2,1322,3464,2393.0
147659365989,515,1,1790,1790,1790.0
147659365990,515,3,2102,2762,2512.0
147659365991,515,1,2142,2142,2142.0
147659365992,515,6,350,4700,2494.7
147683308082,515,7,390,4884,2726.0
147683308084,515,5,26,2534,1184.4
147683308085,515,1,1232,1232,1232.0
147743683226,515,4,1748,3728,2757.5
147743683227,515,6,1656,4394,3256.7
147743683228,515,8,482,4806,2204.0
147743683229,515,10,684,4506,2025.2
147743683230,515,7,110,3038,1472.9
147891794536,515,2,474,4238,2356.0
147891794537,515,1,2498,2498,2498.0
147891794538,515,7,228,2418,756.6
147891794539,515,4,1280,4724,2776.5
148186051228,515,9,68,5000,2532.0
148186051229,515,8,404,4664,2533.8
148186051230,515,2,278,3660,1969.0
148186051231,515,7,954,4340,2069.7
149012053368,515,5,1196,4962,2608.4
149012053369,515,1,2366,2366,2366.0
149012053370,515,5,152,4524,2208.0
149012053371,515,6,138,3558,1406.0
149210411411,515,5,158,4512,2615.6
149210411412,515,4,186,4038,1970.0
149210411413,515,5,72,4262,1849.2
149210411414,515,4,900,2390,1634.5
149814740059,515,4,630,4826,2865.5
149814740060,515,5,954,4130,2941.2
149814740061,515,3,1290,3414,2612.7
149814740062,515,2,1686,2714,2200.0
150141352947,515,4,2154,4478,3188.0
150141352948,515,4,866,4488,3194.5
150141352949,515,5,578,4608,2165.2
150141352950,515,8,212,3530,1468.5
150281889487,515,6,2058,4664,3008.3
150281889488,515,4,476,4716,2400.5
150281889489,515,8,266,4644,2026.8
150281889490,515,4,378,4932,2827.5
150297295890,515,2,32,818,425.0
150297295891,515,9,884,3222,2144.0
150297295892,515,6,368,4338,2242.3
150297295893,515,2,2576,2816,2696.0
150616565854,515,4,624,3516,1926.5
150616565855,515,5,572,4272,2152.0
150616565856,515,5,1290,4532,3176.4
150616565857,515,2,3464,4058,3761.0
150652059473,515,3,548,4782,3313.3
150652059474,515,7,278,4668,3306.9
150652059475,515,2,3192,4700,3946.0
150652059476,515,6,564,4892,3263.7
150725380753,515,2,3462,4442,3952.0
150725380754,515,7,504,4376,2838.9
150725380755,515,1,3842,3842,3842.0
150915776592,515,3,966,3926,2250.7
150915776593,515,6,1070,4982,2627.7
150915776594,515,5,266,2678,1783.2
150915776595,515,7,420,4424,1627.1
150974614646,515,3,278,722,563.3
150974614647,515,4,1220,4038,2760.5
150974614648,515,3,1212,3486,2050.0
150974614649,515,7,2870,4496,3694.0
152162734309,516,3,468,4844,3189.3
152162734310,516,4,614,2310,1525.0
152162734311,516,5,60,4374,1386.0
152162734312,516,2,2000,4154,3077.0
152744506837,516,5,344,4920,2243.6
152744506838,516,7,602,4946,2287.1
152744506839,516,5,570,4820,2504.4
152744506840,516,3,992,4562,2194.0
152789753530,516,4,762,4038,2876.5
152789753531,516,1,1640,1640,1640.0
152789753532,516,10,6,4596,2773.4
152789753533,516,13,366,4880,3162.3
152904726575,516,3,924,2192,1694.7
152904726576,516,3,2312,4368,3241.3
152904726577,516,3,2328,4430,3629.3
152904726578,516,4,672,4922,2889.5
152907331737,516,2,320,338,329.0
152907331738,516,6,462,4962,2821.7
152907331739,516,4,108,4470,2790.5
152907331740,516,1,2192,2192,2192.0
154581742919,516,2,396,2786,1591.0
154581742920,516,5,198,4664,2466.4
154581742921,516,2,1752,3932,2842.0
154581742922,516,7,1124,4980,3258.6
154813121843,516,2,2060,3392,2726.0
154813121844,516,6,336,4074,2122.7
154813121845,516,2,2094,4404,3249.0
154813121846,516,3,1952,4658,2967.3
154831214772,516,1,450,450,450.0
154831214773,516,2,198,738,468.0
154831214774,516,5,206,2376,1563.6
154831214775,516,3,3170,3348,3262.7
154841960289,516,4,1178,4218,2393.0
154841960290,516,3,2378,4872,3949.3
154841960291,516,1,3774,3774,3774.0
154841960292,516,6,200,3044,1600.7
154849622426,516,4,770,3408,2501.5
154849622427,516,5,6,3654,2116.0
154849622428,516,4,1032,4838,2541.5
154849622429,516,5,384,4520,2409.6
154973024890,516,7,74,3764,1638.9
154973024891,516,2,1668,3074,2371.0
154973024892,516,4,558,4524,2583.5
154973024893,516,4,776,3296,1833.5
155282936029,516,7,744,4908,3271.4
155282936030,516,3,2660,3000,2774.7
155282936031,516,3,1934,3350,2447.3
155282936032,516,7,1956,4310,3245.1
155413387351,516,3,150,3104,1244.7
155413387352,516,2,3348,4956,4152.0
155413387353,516,3,2246,4580,3545.3
155413387354,516,10,450,4844,2991.0
155710874512,516,3,2114,4958,3856.0
155710874513,516,2,450,980,715.0
155710874514,516,6,726,3116,2148.0
155710874515,516,3,1064,3248,2157.3
156051074476,516,1,4458,4458,4458.0
156051074477,516,7,294,3494,2704.6
156051074478,516,4,128,3852,1351.0
156051074479,516,4,1218,3336,2440.0
156526005356,516,6,812,3594,2151.0
156526005357,516,2,3444,4214,3829.0
156526005358,516,2,2160,2606,2383.0
156526005359,516,6,2784,4856,3631.7
156710480252,516,6,1694,4548,2975.0
156710480253,516,5,210,4538,2792.0
156710480254,516,7,720,4850,2994.6
156710480255,516,5,678,4482,2270.8
156773751094,516,7,536,3644,2091.4
156773751095,516,3,4098,4938,4648.7
156773751096,516,7,1290,4994,3190.3
156773751097,516,5,1680,4806,3671.2
157040804680,516,1,2522,2522,2522.0
157040804681,516,7,54,2828,1326.3
157040804682,516,2,3978,4998,4488.0
157040804683,516,5,452,4680,2997.2
157089567845,516,2,510,3248,1879.0
157089567846,516,9,278,3822,2053.3
157089567847,516,6,224,4778,2673.0
157089567848,516,2,912,4188,2550.0
157141773140,516,3,1632,3302,2414.7
157141773141,516,2,1412,3188,2300.0
157141773143,516,4,1848,4452,3050.5
157181002636,516,8,1118,4932,3469.2
157181002637,516,4,684,3764,2313.5
157181002638,516,3,1610,4380,3245.3
157181002639,516,5,2670,4784,3954.0
157452698164,516,2,4316,4758,4537.0
157452698165,516,2,1224,4058,2641.0
157452698166,516,1,60,60,60.0
157452698167,516,2,294,1964,1129.0
157573077060,516,4,14,3320,1366.0
157573077061,516,3,644,2970,1488.7
157573077062,516,4,396,3810,2187.5
157955547233,516,4,698,4176,2017.0
157955547234,516,6,884,4674,2808.0
157955547236,516,4,318,4188,1652.5
158361340249,516,3,1104,2904,2138.0
158361340250,516,4,1328,4692,3595.0
158361340251,516,9,770,4344,2359.3
158361340252,516,1,744,744,744.0
159293236955,516,4,1854,4148,2991.0
159293236956,516,4,500,4610,1887.0
159293236957,516,5,308,4910,2355.2
159293236958,516,8,602,4880,3528.2
159430471996,516,8,188,4094,1663.2
159430471997,516,4,3378,4580,3979.0
159430471998,516,10,1106,4622,2597.6
159430471999,516,12,348,4716,2281.7
159430472000,516,2,3660,3864,3762.0
160093657997,517,4,450,2046,1228.0
160093657998,517,1,3450,3450,3450.0
160093657999,517,1,2378,2378,2378.0
160093658000,517,2,968,2222,1595.0
160451317777,517,5,30,4718,2112.0
160451317778,517,2,1896,4898,3397.0
160451317779,517,2,1836,4304,3070.0
160451317780,517,3,24,1764,686.7
160996851395,517,2,614,4950,2782.0
160996851396,517,6,312,3864,2012.7
160996851398,517,3,690,3026,1735.3
161040444148,517,4,450,3476,2089.0
161040444149,517,3,1058,2466,1813.3
161040444150,517,3,4008,4370,4228.7
161040444151,517,2,3092,3348,3220.0
161120637287,517,4,30,4458,3236.0
161120637288,517,5,252,3486,2117.6
161120637290,517,3,2844,4388,3437.3
162101112079,517,4,1154,4440,3399.5
162101112080,517,3,3014,3654,3403.3
162101112081,517,3,134,4362,2669.3
162101112082,517,6,990,4140,2342.0
162115900784,517,5,2846,4170,3588.4
162115900785,517,7,338,4368,2817.4
162115900786,517,2,1158,3182,2170.0
162115900787,517,6,786,4896,2916.7
162742040923,517,4,1280,4428,2481.5
162742040924,517,5,200,4164,1378.0
162742040925,517,4,144,4958,2693.5
162742040926,517,3,108,4550,1966.7
162869224963,517,4,1496,4998,2888.0
162869224964,517,6,1596,4256,2994.0
162869224965,517,3,522,4998,3378.0
162869224966,517,5,1152,3302,2148.8
163190071021,517,5,1004,4634,2841.2
163190071022,517,2,3204,3908,3556.0
163190071023,517,3,1362,4890,3382.7
163190071024,517,5,570,4238,2928.0
163850531547,517,3,1250,2634,1789.3
163850531548,517,3,2952,3452,3197.3
163850531549,517,4,96,4098,1955.0
163850531550,517,4,890,3854,2199.0
164281987788,517,3,2262,4970,3756.7
164281987789,517,4,2918,4790,3661.5
164281987790,517,5,1938,3570,2720.4
164281987791,517,4,224,3644,2036.5
164527815075,517,6,822,4368,2121.0
164527815076,517,4,1700,2792,2210.0
164527815077,517,4,884,4694,2923.5
164527815078,517,8,36,5000,2133.0
164620045865,517,6,504,4788,1970.7
164620045866,517,5,494,4934,2539.2
164620045867,517,3,696,2660,1844.7
164620045868,517,4,318,2846,2126.5
164624699440,517,4,158,1622,672.5
164624699441,517,2,1994,4404,3199.0
164624699442,517,1,4094,4094,4094.0
164624699443,517,6,72,3080,1034.0
164872207262,517,2,1020,3840,2430.0
164872207263,517,3,452,948,675.3
164872207264,517,3,2844,4674,3894.7
164872207265,517,8,642,4470,2385.8
165187200661,517,2,3534,4148,3841.0
165187200662,517,7,558,4928,2909.4
165187200663,517,6,128,4692,2359.7
165187200664,517,7,420,3468,2355.1
165339117253,517,7,720,3932,2191.4
165339117254,517,6,1034,3888,2373.0
165339117255,517,3,68,2634,1268.7
165339117256,517,3,2960,4140,3466.7
165575136912,517,5,360,4394,2858.4
165575136913,517,3,882,2106,1586.7
165575136915,517,3,912,4002,2802.7
165661268285,517,3,314,2190,1512.7
165661268286,517,3,2132,4860,3136.7
165661268287,517,2,356,2714,1535.0
165661268288,517,5,672,4722,2804.4
165668990497,517,2,3044,3708,3376.0
165668990498,517,7,590,4980,2767.1
165668990499,517,5,888,4974,2271.2
165668990500,517,10,392,4818,2694.6
166607083747,517,5,788,4958,2749.2
166607083748,517,8,6,4542,2193.5
166607083749,517,10,1398,4386,2861.6
166607083750,517,5,602,3488,1882.4
166847461001,517,6,2802,4602,3933.3
166847461002,517,6,210,4386,1827.0
166847461003,517,2,1446,3026,2236.0
166847461004,517,3,668,3854,1749.3
167042833851,517,3,1488,4232,2527.3
167042833852,517,1,2148,2148,2148.0
167042833853,517,6,962,2988,1882.0
167042833854,517,4,1824,4830,3440.0
167350185246,517,5,342,3530,2088.4
167350185247,517,6,2478,4868,3538.0
167350185248,517,4,672,4568,2104.5
167350185249,517,2,156,740,448.0
167912330832,518,5,1188,3786,2181.6
167912330833,518,1,3722,3722,3722.0
167912330834,518,4,110,3798,2392.5
167912330835,518,3,230,1848,1156.7
167914785368,518,6,420,2418,1349.0
167914785369,518,4,314,4248,2348.5
167914785370,518,6,840,4218,2688.3
167914785371,518,3,180,4542,2388.0
168181925229,518,3,896,1460,1093.3
168181925230,518,7,440,4110,2148.9
168181925231,518,6,434,4512,2949.0
168181925232,518,2,326,4596,2461.0
168283371025,518,5,1374,4550,2676.0
168283371026,518,4,920,4010,2568.5
168283371027,518,8,188,3876,2364.5
168283371028,518,1,1470,1470,1470.0
168604868160,518,4,1242,4664,2916.0
168604868161,518,2,1344,2694,2019.0
168604868162,518,4,1518,4874,2903.5
168604868163,518,2,278,3488,1883.0
168700309262,518,2,366,1934,1150.0
168700309263,518,4,68,3390,1483.0
168700309264,518,2,638,3116,1877.0
168700309265,518,6,248,4820,1998.3
169380958169,518,6,600,4850,3372.0
169380958170,518,8,492,4532,1977.2
169380958171,518,5,678,3290,1699.2
169380958172,518,3,684,2430,1394.0
169432955848,518,3,156,2912,1166.7
169432955849,518,3,1286,3926,2714.0
169432955850,518,4,638,3552,2640.0
169432955851,518,2,1524,3378,2451.0
169873930493,518,3,1266,4232,2552.7
169873930494,518,5,1556,3884,2472.0
169873930495,518,6,212,1580,972.3
169873930496,518,2,468,4734,2601.0
170344242931,518,4,1092,4100,2674.0
170344242932,518,3,3218,4314,3892.7
170344242933,518,2,1310,3120,2215.0
170344242934,518,2,2936,4290,3613.0
170438840233,518,4,1296,3722,2326.0
170438840234,518,2,1530,2636,2083.0
170438840235,518,1,4152,4152,4152.0
170438840236,518,4,488,4104,2901.0
170622486096,518,2,2738,3768,3253.0
170622486097,518,3,1578,5000,2958.7
170622486098,518,5,1242,4106,2502.8
170622486099,518,5,834,4026,2396.4
171242234079,518,4,1644,3084,2617.5
171242234080,518,4,24,4298,1976.0
171242234081,518,4,572,4400,3327.0
171242234082,518,2,200,2090,1145.0
171908435073,518,4,1188,3696,1940.0
171908435074,518,5,1350,4548,3098.0
171908435075,518,3,1332,3980,2803.3
171908435076,518,3,242,3474,1833.3
171935056549,518,2,3936,4788,4362.0
171935056550,518,2,998,2474,1736.0
171935056551,518,4,1344,3354,2157.5
171935056552,518,5,26,4928,1670.4
171971403502,518,3,2534,3806,3271.3
171971403503,518,3,2106,2222,2146.7
171971403504,518,6,20,3288,1638.0
171971403505,518,4,198,3450,1635.5
172843333077,518,8,588,4620,2534.2
172843333078,518,6,350,4752,2836.3
172843333079,518,5,470,4898,3163.6
172843333080,518,5,3054,4604,3696.0
173204652387,518,4,54,3356,1795.0
173204652388,518,4,692,4280,2056.0
173204652389,518,7,980,3324,1957.4
173204652390,518,5,1098,4638,2668.0
173646143706,518,2,1122,1614,1368.0
173646143707,518,4,56,4004,1558.5
173646143708,518,3,296,4752,3103.3
173646143709,518,4,620,2310,1246.5
173721465569,518,6,524,3710,2175.3
173721465570,518,7,858,4230,2946.0
173721465571,518,5,308,4340,1730.8
173721465572,518,6,80,4620,2157.3
174592226172,518,4,954,4860,3210.5
174592226173,518,2,726,2268,1497.0
174592226174,518,5,144,4436,2425.2
174592226175,518,3,684,3632,2255.3
175035923829,518,8,420,4958,2625.0
175035923830,518,5,668,4854,2130.8
175035923831,518,6,824,4044,2334.3
175035923832,518,8,488,4440,2310.8
175571155381,518,6,890,4998,3354.7
175571155382,518,4,2226,4620,3363.5
175571155383,518,3,4212,4860,4610.0
175571155384,518,2,2486,4640,3563.0
175719298471,518,4,944,4638,2985.5
175719298472,518,8,930,3870,2137.5
175719298473,518,6,1550,4962,3076.7
175719298474,518,4,314,4976,2127.0
175825247566,518,2,678,1598,1138.0
175825247567,518,5,114,4958,1527.6
175825247568,518,7,98,3660,2293.7
175825247569,518,6,726,4908,2242.0
176449812428,519,2,968,2688,1828.0
176449812429,519,2,720,2676,1698.0
176449812430,519,2,1062,4238,2650.0
176449812431,519,7,378,4628,2511.1
176780365080,519,3,1610,4818,2955.3
176780365081,519,1,3524,3524,3524.0
176780365082,519,3,144,3234,1686.0
176780365083,519,3,440,4826,2497.3
176837893564,519,7,326,4650,2548.3
176837893565,519,4,954,3834,2605.5
176837893566,519,3,1680,4454,2752.7
176837893567,519,5,1058,4050,2862.8
176910594747,519,5,606,4776,2091.6
176910594748,519,6,228,4832,3310.0
176910594749,519,5,426,3260,2164.4
176910594750,519,3,254,1110,571.3
177420430669,519,1,284,284,284.0
177420430670,519,3,1350,3128,2449.3
177420430671,519,3,1242,3852,2584.0
177420430672,519,4,1656,4848,3474.5
178461679403,519,5,720,4802,3062.0
178461679404,519,4,296,4518,1976.0
178461679405,519,6,1140,4758,2526.7
178461679406,519,3,102,3618,1314.7
178586547574,519,5,254,4338,2308.8
178586547575,519,6,924,4734,2418.7
178586547576,519,6,390,4710,3021.0
178586547577,519,3,624,4068,2798.7
178747447100,519,4,1542,3512,2779.0
178747447101,519,3,3218,4412,3874.0
178747447102,519,7,1304,5000,2924.9
178747447103,519,1,3296,3296,3296.0
178805665412,519,3,2628,3234,2980.7
178805665413,519,4,398,4952,1764.0
178805665414,519,2,3656,3758,3707.0
178805665415,519,4,210,3572,2449.0
178875580402,519,2,294,2898,1596.0
178875580403,519,4,2816,3540,3243.0
178875580404,519,5,2138,3614,2766.4
178875580405,519,1,3744,3744,3744.0
179230355317,519,3,74,3698,1709.3
179230355318,519,3,836,4862,2465.3
179230355319,519,8,404,2940,1262.5
179230355320,519,4,72,2604,1265.0
179793240477,519,4,180,4926,2559.5
179793240478,519,3,1628,4626,2658.7
179793240479,519,1,2550,2550,2550.0
179793240480,519,6,734,3908,2194.7
180687776450,519,3,2652,4500,3354.0
180687776451,519,5,98,4674,1689.6
180687776452,519,6,720,4886,2645.0
180687776453,519,5,530,4752,3299.6
180714705286,519,2,1440,1572,1506.0
180714705287,519,5,836,3834,1910.0
180714705288,519,3,158,4052,2284.0
180714705289,519,8,476,4988,2812.0
181092904405,519,3,692,2594,1712.0
181092904406,519,3,888,3968,2611.3
181092904407,519,6,78,4844,1687.0
181092904408,519,5,440,4128,1922.0
181651015937,519,5,294,4640,2551.2
181651015938,519,5,558,4128,2594.0
181651015939,519,3,536,1496,1093.3
181651015940,519,4,1992,4458,2813.0
181937605194,519,8,734,4358,3307.5
181937605196,519,3,2250,4898,3698.7
181937605197,519,3,2966,4896,4036.7
182152915402,519,3,1566,2834,2282.7
182152915403,519,1,4178,4178,4178.0
182152915404,519,3,1164,4826,2814.7
182152915405,519,2,2898,3852,3375.0
182457864795,519,5,248,4130,1651.2
182457864796,519,6,14,4958,2240.3
182457864797,519,4,1298,3486,2339.5
182457864798,519,5,278,4970,3029.6
182501065420,519,4,560,3144,1735.0
182501065422,519,2,4364,4364,4364.0
182501065423,519,6,318,4932,2780.0
182501065424,519,10,684,4250,1985.6
183853791435,519,1,50,50,50.0
183853791436,519,5,3050,4532,3890.4
183853791437,519,2,2886,3800,3343.0
183853791438,519,4,36,4320,1881.0
183855053786,519,4,444,1188,722.5
183855053787,519,5,1754,3470,2616.0
183855053788,519,6,398,3852,2111.3
183855053789,519,1,2664,2664,2664.0
184063289465,519,4,3344,4998,3978.5
184063289466,519,3,390,3320,1789.3
184063289467,519,5,20,4148,2431.2
184063289468,519,1,2630,2630,2630.0
184557367891,519,7,68,4430,2314.0
184557367892,519,5,830,4568,3328.4
184557367893,519,5,72,4172,2411.2
184557367894,519,2,404,2556,1480.0
184887905278,519,5,1220,4572,2494.8
184887905279,519,8,390,4146,1565.8
184887905280,519,3,164,2088,1151.3
184887905281,519,4,134,4814,3246.0
185348172642,519,5,98,4146,2838.8
185348172643,519,2,1622,4598,3110.0
185348172644,519,4,1710,4410,2806.0
185348172645,519,5,660,4454,2705.6
185556943590,520,4,1790,3572,2580.0
185556943591,520,9,1878,4970,3052.2
185556943592,520,2,96,480,288.0
185556943593,520,6,872,3836,2355.3
185716905753,520,3,870,3632,2037.3
185716905754,520,4,120,3758,2082.0
185716905755,520,4,392,4478,2208.5
185716905756,520,5,2162,4338,3602.4
185995397976,520,6,1314,4920,2942.0
185995397977,520,4,300,4788,2648.0
185995397978,520,5,116,4700,1870.4
185995397979,520,6,156,4806,2023.0
186840786758,520,9,38,4760,1822.2
186840786759,520,3,2934,4854,4042.7
186840786760,520,4,600,4218,1628.0
186840786761,520,1,4500,4500,4500.0
187018537639,520,5,1140,3926,3049.6
187018537640,520,1,4100,4100,4100.0
187018537641,520,6,710,3962,2382.3
187018537642,520,5,320,3978,1892.4
187863991216,520,4,2424,4634,3570.0
187863991217,520,7,494,4326,2666.6
187863991218,520,3,1236,3716,2420.7
187863991219,520,9,138,4866,1996.4
188217309006,520,2,1764,3614,2689.0
188217309007,520,7,368,4976,2606.9
188217309008,520,6,116,3162,1240.0
188217309009,520,1,3114,3114,3114.0
188416134014,520,5,350,3468,2120.8
188416134015,520,6,1032,4350,2387.7
188416134016,520,5,1280,4688,3143.2
188416134017,520,6,1568,3978,3040.7
188972591003,520,6,656,3870,2203.3
188972591004,520,3,1628,4878,3071.3
188972591005,520,4,810,3008,1963.0
188972591006,520,7,594,4974,3733.1
188977194279,520,4,866,4856,2599.5
188977194280,520,2,1950,4692,3321.0
188977194281,520,7,384,3882,2010.0
188977194282,520,2,3224,4578,3901.0
189064207208,520,1,1980,1980,1980.0
189064207209,520,3,798,3246,2252.7
189064207210,520,3,672,3428,1621.3
189064207211,520,3,3600,4718,4003.3
189329002425,520,5,68,2798,1419.6
189329002426,520,2,458,4914,2686.0
189329002427,520,1,1496,1496,1496.0
189329002428,520,6,32,4472,2654.7
190076663349,520,4,1920,2766,2427.5
190076663350,520,3,1544,2328,1920.7
190076663351,520,3,962,4310,2495.3
190076663352,520,3,1098,4106,2830.7
190133019361,520,3,740,4284,2128.7
190133019362,520,3,3074,4976,4305.3
190133019363,520,6,440,4958,2345.7
190133019364,520,2,3374,4476,3925.0
190407865132,520,3,1568,3716,2536.0
190407865133,520,1,4608,4608,4608.0
190407865134,520,6,188,3978,2092.3
190687574734,520,2,620,1346,983.0
190687574735,520,3,1452,4310,2451.3
190687574736,520,1,4958,4958,4958.0
190687574737,520,1,4866,4866,4866.0
190901847788,520,1,1860,1860,1860.0
190901847789,520,6,578,4620,2514.0
190901847790,520,3,420,1812,1276.7
190901847791,520,4,1080,3860,2695.5
191092144460,520,2,608,1488,1048.0
191092144461,520,6,84,4962,2409.0
191092144462,520,3,2510,3978,3250.7
191092144463,520,2,3446,4070,3758.0
191141967758,520,3,138,4758,2154.7
191141967759,520,7,476,4590,1770.9
191141967760,520,2,432,3822,2127.0
191141967761,520,3,660,1524,1176.0
191438329085,520,6,2162,4860,3322.7
191438329086,520,4,384,4562,3154.0
191438329087,520,8,200,4550,2061.5
191438329088,520,5,386,4892,2205.2
191863815026,520,3,2408,4844,3645.3
191863815028,520,3,1112,2340,1832.7
191863815029,520,9,110,4980,3069.8
191945949041,520,3,60,3674,1721.3
191945949042,520,2,1704,2540,2122.0
191945949043,520,1,2478,2478,2478.0
191945949044,520,2,854,4958,2906.0
191955625230,520,6,872,3654,1955.3
191955625231,520,1,4718,4718,4718.0
191955625232,520,5,354,4386,2612.4
191955625233,520,2,1106,3392,2249.0
192046596804,520,6,450,4914,2105.7
192046596805,520,1,4680,4680,4680.0
192046596806,520,4,2264,3722,2991.0
192046596807,520,3,420,2840,1591.3
192641412832,520,4,404,4836,3034.0
192641412833,520,3,62,4886,2030.0
192641412834,520,5,350,3458,2195.2
192641412835,520,4,614,3470,2210.0
192695129511,520,4,1850,4232,3580.0
192695129513,520,3,402,3818,2046.7
192695129514,520,4,1436,4118,2907.5
192758089336,520,4,164,3054,1605.0
192758089337,520,3,2888,4388,3425.3
192758089338,520,1,1920,1920,1920.0
192758089339,520,6,114,3380,1450.7
192912011969,520,4,2394,3980,3077.0
192912011970,520,5,842,4512,2716.4
192912011971,520,9,350,3308,2565.3
192912011972,520,4,588,4154,2315.0
193087289845,520,5,1910,4610,3619.6
193087289846,520,4,192,3420,1559.0
193087289847,520,3,1868,4146,2722.7
193087289848,520,2,3846,4958,4402.0
193160650236,520,3,1838,4538,3572.0
193160650237,520,4,2394,4584,3558.5
193160650238,520,2,56,1410,733.0
193160650239,520,6,90,4550,1985.0
193204136509,520,5,258,4806,1978.0
193204136510,520,5,138,2562,1354.8
193204136511,520,1,1808,1808,1808.0
193204136512,520,4,20,4646,2365.5
193308346680,520,1,2684,2684,2684.0
193308346681,520,5,1100,4940,2462.4
193308346682,520,1,3474,3474,3474.0
193308346683,520,2,1686,4968,3327.0
194187703461,520,5,72,4764,2152.4
194187703462,520,4,1028,4520,3430.5
194187703463,520,2,908,3266,2087.0
194187703464,520,3,440,4274,2239.3
194745059786,520,6,1764,4290,3205.0
194745059787,520,1,4098,4098,4098.0
194745059788,520,11,446,4932,3063.8
194745059789,520,4,2690,4314,3462.5
194757492538,520,3,3066,4296,3696.0
194757492539,520,3,828,4944,3142.0
194757492540,520,6,692,3968,2297.7
194757492541,520,7,212,4058,2069.1
194902339379,521,4,1016,3848,2406.5
194902339380,521,6,942,3608,2729.0
194902339381,521,2,458,1362,910.0
194902339382,521,5,984,3224,1809.6
194986195678,521,4,432,4602,2235.0
194986195680,521,5,42,4998,2302.0
194986195681,521,5,968,4110,2494.0
195188997153,521,5,1896,4982,3231.6
195188997154,521,6,350,1596,917.0
195188997155,521,5,1472,4872,3495.2
195188997156,521,4,1338,2724,1951.5
195658883987,521,3,710,1616,1278.0
195658883988,521,8,30,4718,1988.2
195658883989,521,2,1454,3708,2581.0
195701543355,521,6,192,3840,1919.7
195701543356,521,7,588,4472,1755.7
195701543357,521,4,314,4730,2594.0
195860168439,521,5,1634,3890,2843.6
195860168440,521,3,2424,3362,2831.3
195860168441,521,2,3222,4620,3921.0
195860168442,521,7,794,3908,2621.1
195917688849,521,12,594,4260,2115.0
195917688850,521,1,2748,2748,2748.0
195917688851,521,4,2004,4752,3525.5
195917688852,521,5,140,3590,2227.2
196635889798,521,7,96,4916,2652.3
196635889799,521,8,636,4820,2702.8
196635889801,521,2,2544,3840,3192.0
196807871883,521,7,576,3600,2005.4
196807871884,521,5,2048,4686,3105.6
196807871885,521,3,1112,4752,2538.7
196807871886,521,3,2562,3374,2909.3
197540028585,521,7,1178,4998,3032.6
197540028586,521,5,1112,4958,2951.6
197540028587,521,4,18,3284,1499.5
197540028588,521,7,102,4386,2752.9
198514016386,521,2,182,528,355.0
198514016388,521,4,558,3320,1984.5
198514016389,521,3,2156,3950,2908.0
198690941556,521,3,702,3372,1822.7
198690941557,521,1,104,104,104.0
198690941558,521,5,1806,3618,2498.0
198690941559,521,3,3924,4200,4092.7
198789647963,521,6,246,3816,1424.7
198789647964,521,2,1734,4644,3189.0
198789647965,521,10,414,4808,2861.4
198789647966,521,5,1614,4062,2720.8
198830954111,521,4,788,4514,3012.5
198830954112,521,2,1500,4556,3028.0
198830954113,521,6,2816,4772,3749.3
198830954114,521,4,1850,4484,3240.5
198992912472,521,1,936,936,936.0
198992912473,521,3,1052,2088,1550.7
198992912474,521,2,636,3344,1990.0
198992912475,521,6,872,4032,2813.0
198996421538,521,6,416,4790,2883.7
198996421539,521,3,1506,4520,3338.7
198996421540,521,6,1334,3792,2599.0
198996421541,521,7,714,4448,3262.9
199515980284,521,5,348,4938,1722.4
199515980285,521,2,102,4212,2157.0
199515980286,521,3,2810,4434,3475.3
199533092590,521,6,120,4142,2517.3
199533092591,521,3,54,3918,1522.0
199533092593,521,3,1632,3282,2510.0
199620881026,521,4,2628,4814,3757.0
199620881027,521,3,2316,3920,3105.3
199620881028,521,6,1202,4796,2603.0
199620881029,521,3,510,4454,2311.3
199925278168,521,6,812,4386,2287.3
199925278169,521,3,648,1080,862.7
199925278170,521,4,1752,3978,2840.0
199925278171,521,8,272,4448,2463.2
